{
  "ols_scaled": {
    "mae": 42.54347238677679,
    "r2": 0.4672953738402599
  },
  "ridge": {
    "mae": 42.38926024578958,
    "r2": 0.4703088168788213
  },
  "rf": {
    "mae": 42.64245362709001,
    "r2": 0.4757510103763989
  }
}